"","contract_award_unique_key","award_id_piid","parent_award_agency_id","parent_award_agency_name","parent_award_id_piid","disaster_emergency_fund_codes","outlayed_amount_from_COVID.19_supplementals","obligated_amount_from_COVID.19_supplementals","outlayed_amount_from_IIJA_supplemental","obligated_amount_from_IIJA_supplemental","total_obligated_amount","total_outlayed_amount","current_total_value_of_award","potential_total_value_of_award","award_base_action_date","award_base_action_date_fiscal_year","award_latest_action_date","award_latest_action_date_fiscal_year","period_of_performance_start_date","period_of_performance_current_end_date","period_of_performance_potential_end_date","ordering_period_end_date","solicitation_date","awarding_agency_code","awarding_agency_name","awarding_sub_agency_code","awarding_sub_agency_name","awarding_office_code","awarding_office_name","funding_agency_code","funding_agency_name","funding_sub_agency_code","funding_sub_agency_name","funding_office_code","funding_office_name","treasury_accounts_funding_this_award","federal_accounts_funding_this_award","object_classes_funding_this_award","program_activities_funding_this_award","foreign_funding","foreign_funding_description","sam_exception","sam_exception_description","recipient_uei","recipient_duns","recipient_name","recipient_name_raw","recipient_doing_business_as_name","cage_code","recipient_parent_uei","recipient_parent_duns","recipient_parent_name","recipient_parent_name_raw","recipient_country_code","recipient_country_name","recipient_address_line_1","recipient_address_line_2","recipient_city_name","prime_award_summary_recipient_county_fips_code","recipient_county_name","prime_award_summary_recipient_state_fips_code","recipient_state_code","recipient_state_name","recipient_zip_4_code","prime_award_summary_recipient_cd_original","prime_award_summary_recipient_cd_current","recipient_phone_number","recipient_fax_number","primary_place_of_performance_country_code","primary_place_of_performance_country_name","primary_place_of_performance_city_name","prime_award_summary_place_of_performance_county_fips_code","primary_place_of_performance_county_name","prime_award_summary_place_of_performance_state_fips_code","primary_place_of_performance_state_code","primary_place_of_performance_state_name","primary_place_of_performance_zip_4","prime_award_summary_place_of_performance_cd_original","prime_award_summary_place_of_performance_cd_current","award_or_idv_flag","award_type_code","award_type","idv_type_code","idv_type","multiple_or_single_award_idv_code","multiple_or_single_award_idv","type_of_idc_code","type_of_idc","type_of_contract_pricing_code","type_of_contract_pricing","prime_award_base_transaction_description","solicitation_identifier","number_of_actions","inherently_governmental_functions","inherently_governmental_functions_description","product_or_service_code","product_or_service_code_description","contract_bundling_code","contract_bundling","dod_claimant_program_code","dod_claimant_program_description","naics_code","naics_description","recovered_materials_sustainability_code","recovered_materials_sustainability","domestic_or_foreign_entity_code","domestic_or_foreign_entity","dod_acquisition_program_code","dod_acquisition_program_description","information_technology_commercial_item_category_code","information_technology_commercial_item_category","epa_designated_product_code","epa_designated_product","country_of_product_or_service_origin_code","country_of_product_or_service_origin","place_of_manufacture_code","place_of_manufacture","subcontracting_plan_code","subcontracting_plan","extent_competed_code","extent_competed","solicitation_procedures_code","solicitation_procedures","type_of_set_aside_code","type_of_set_aside","evaluated_preference_code","evaluated_preference","research_code","research","fair_opportunity_limited_sources_code","fair_opportunity_limited_sources","other_than_full_and_open_competition_code","other_than_full_and_open_competition","number_of_offers_received","commercial_item_acquisition_procedures_code","commercial_item_acquisition_procedures","small_business_competitiveness_demonstration_program","simplified_procedures_for_certain_commercial_items_code","simplified_procedures_for_certain_commercial_items","a76_fair_act_action_code","a76_fair_act_action","fed_biz_opps_code","fed_biz_opps","local_area_set_aside_code","local_area_set_aside","price_evaluation_adjustment_preference_percent_difference","clinger_cohen_act_planning_code","clinger_cohen_act_planning","materials_supplies_articles_equipment_code","materials_supplies_articles_equipment","labor_standards_code","labor_standards","construction_wage_rate_requirements_code","construction_wage_rate_requirements","interagency_contracting_authority_code","interagency_contracting_authority","other_statutory_authority","program_acronym","parent_award_type_code","parent_award_type","parent_award_single_or_multiple_code","parent_award_single_or_multiple","major_program","national_interest_action_code","national_interest_action","cost_or_pricing_data_code","cost_or_pricing_data","cost_accounting_standards_clause_code","cost_accounting_standards_clause","government_furnished_property_code","government_furnished_property","sea_transportation_code","sea_transportation","consolidated_contract_code","consolidated_contract","performance_based_service_acquisition_code","performance_based_service_acquisition","multi_year_contract_code","multi_year_contract","contract_financing_code","contract_financing","purchase_card_as_payment_method_code","purchase_card_as_payment_method","contingency_humanitarian_or_peacekeeping_operation_code","contingency_humanitarian_or_peacekeeping_operation","alaskan_native_corporation_owned_firm","american_indian_owned_business","indian_tribe_federally_recognized","native_hawaiian_organization_owned_firm","tribally_owned_firm","veteran_owned_business","service_disabled_veteran_owned_business","woman_owned_business","women_owned_small_business","economically_disadvantaged_women_owned_small_business","joint_venture_women_owned_small_business","joint_venture_economic_disadvantaged_women_owned_small_bus","minority_owned_business","subcontinent_asian_asian_indian_american_owned_business","asian_pacific_american_owned_business","black_american_owned_business","hispanic_american_owned_business","native_american_owned_business","other_minority_owned_business","contracting_officers_determination_of_business_size","contracting_officers_determination_of_business_size_code","emerging_small_business","community_developed_corporation_owned_firm","labor_surplus_area_firm","us_federal_government","federally_funded_research_and_development_corp","federal_agency","us_state_government","us_local_government","city_local_government","county_local_government","inter_municipal_local_government","local_government_owned","municipality_local_government","school_district_local_government","township_local_government","us_tribal_government","foreign_government","organizational_type","corporate_entity_not_tax_exempt","corporate_entity_tax_exempt","partnership_or_limited_liability_partnership","sole_proprietorship","small_agricultural_cooperative","international_organization","us_government_entity","community_development_corporation","domestic_shelter","educational_institution","foundation","hospital_flag","manufacturer_of_goods","veterinary_hospital","hispanic_servicing_institution","receives_contracts","receives_financial_assistance","receives_contracts_and_financial_assistance","airport_authority","council_of_governments","housing_authorities_public_tribal","interstate_entity","planning_commission","port_authority","transit_authority","subchapter_scorporation","limited_liability_corporation","foreign_owned","for_profit_organization","nonprofit_organization","other_not_for_profit_organization","the_ability_one_program","private_university_or_college","state_controlled_institution_of_higher_learning","X1862_land_grant_college","X1890_land_grant_college","X1994_land_grant_college","minority_institution","historically_black_college","tribal_college","alaskan_native_servicing_institution","native_hawaiian_servicing_institution","school_of_forestry","veterinary_college","dot_certified_disadvantage","self_certified_small_disadvantaged_business","small_disadvantaged_business","c8a_program_participant","historically_underutilized_business_zone_hubzone_firm","sba_certified_8a_joint_venture","highly_compensated_officer_1_name","highly_compensated_officer_1_amount","highly_compensated_officer_2_name","highly_compensated_officer_2_amount","highly_compensated_officer_3_name","highly_compensated_officer_3_amount","highly_compensated_officer_4_name","highly_compensated_officer_4_amount","highly_compensated_officer_5_name","highly_compensated_officer_5_amount","usaspending_permalink","last_modified_date"
"1","CONT_AWD_70CMSD21P00000064_7012_-NONE-_-NONE-","70CMSD21P00000064",NA,"","","Q: Not Designated Nonemergency/Emergency/Disaster/Wildfire Suppression",NA,NA,NA,NA,79407.08,43926.25,79407.08,99547.08,2021-05-28,2021,"2024-06-11",2024,"2021-05-28",2025-05-31,"2026-05-31 00:00:00","","",70,"Department of Homeland Security",7012,"U.S. Immigration and Customs Enforcement","70CMSD","INVESTIGATIONS AND OPERATIONS SUPPORT DALLAS",70,"Department of Homeland Security",7012,"U.S. Immigration and Customs Enforcement","70CDEN","HOMELAND SECURITY INVESTIGATIONS DENVER","070-2021/2021-0540-000;070-2022/2022-0540-000;070-2023/2023-0540-000;070-2024/2024-0540-000","070-0540","25.1: Advisory and assistance services;25.2: Other services from non-Federal sources","0004: CAS - HOMELAND SECURITY INVESTIGATIONS","X","NOT APPLICABLE",NA,"","H8YFF5F9TM53",NA,"THE HIGHLANDS RANCH LAW ENFORCEMENT TRAINING FOUNDATION","HIGHLANDS RANCH LAW ENFORCEMENT TRAINING FOUNDATION, THE","","3PPQ5","H8YFF5F9TM53",NA,"THE HIGHLANDS RANCH LAW ENFORCEMENT TRAINING FOUNDATION","THE HIGHLANDS RANCH LAW ENFORCEMENT TRAINING FOUNDATION","USA","UNITED STATES","6001 RON KING TRL","","LITTLETON",8035,"DOUGLAS",8,"CO","COLORADO","801257603","CO-04","CO-04","3038147041","3038148790","USA","UNITED STATES","LITTLETON",8035,"DOUGLAS",8,"CO","COLORADO","801257603","CO-04","CO-04","AWARD","B","PURCHASE ORDER","","","","","","","J","FIRM FIXED PRICE","ANNUAL REQUISITION CONTRACT FOR FIRING RANGE SERVICES - BASE YEAR AND 5 OPTION YEARS","",1,"OT","OTHER FUNCTIONS","U014","EDUCATION/TRAINING- SECURITY","H","NOT BUNDLED",NA,NA,611699,"ALL OTHER MISCELLANEOUS SCHOOLS AND INSTRUCTION","C","NO CLAUSES INCLUDED AND NO SUSTAINABILITY INCLUDED","A","U.S. OWNED BUSINESS",NA,NA,"","","E","NOT REQUIRED","USA","UNITED STATES","C","NOT A MANUFACTURED END PRODUCT","B","PLAN NOT REQUIRED","G","NOT COMPETED UNDER SAP","SP1","SIMPLIFIED ACQUISITION","NONE","NO SET ASIDE USED.","NONE","NO PREFERENCE USED","","","","","SP2","SAP NON-COMPETITION (FAR 13)",1,"A","COMMERCIAL PRODUCTS/SERVICES","f","N","NO","N","NO","X","NOT APPLICABLE","N","NO",NA,"N","NO","X","NOT APPLICABLE","X","NOT APPLICABLE","X","NOT APPLICABLE","X","NOT APPLICABLE",NA,"","","","","","","","","","","","","N","N","","","D","NOT CONSOLIDATED","N","NO - SERVICE WHERE PBA IS NOT USED.","","","","","N","NO","X","NOT APPLICABLE","f","f","f","f","f","f","f","f","f","f","f","f","f","f","f","f","f","f","f","OTHER THAN SMALL BUSINESS","O","f","f","f","f","f","f","f","f","f","f","f","f","f","f","f","f","f","CORPORATE TAX EXEMPT","f","t","f","f","f","f","f","f","f","f","t","f","f","f","f","f","f","t","f","f","f","f","f","f","f","f","f","f","f","t","f","f","f","f","f","f","f","f","f","f","f","f","f","f","f","f","f","f","f","f","",NA,"",NA,"",NA,"",NA,"",NA,"https://www.usaspending.gov/award/CONT_AWD_70CMSD21P00000064_7012_-NONE-_-NONE-/","2024-06-11"
"2","CONT_AWD_70CDCR22P00000009_7012_-NONE-_-NONE-","70CDCR22P00000009",NA,"","","Q: Not Designated Nonemergency/Emergency/Disaster/Wildfire Suppression",NA,NA,NA,NA,53100,28900,53100,78700,2022-04-07,2022,"2024-04-26",2024,"2022-04-21",2025-04-30,"2027-04-30 00:00:00","","2022-04-04",70,"Department of Homeland Security",7012,"U.S. Immigration and Customs Enforcement","70CDCR","DETENTION COMPLIANCE AND REMOVALS",70,"Department of Homeland Security",7012,"U.S. Immigration and Customs Enforcement","70CFBV","ENFORCEMENT AND REMOVAL OPERATIONS BUFFALO","070-2022/2022-0540-000;070-2023/2023-0540-000;070-2024/2024-0540-000","070-0540","25.2: Other services from non-Federal sources","0005: CAS - ENFORCEMENT AND REMOVAL OPERTIONS","X","NOT APPLICABLE",NA,"","EDPVJKD8R338",NA,"ESCARPMENT ARMS INC","ESCARPMENT ARMS, INC.","","8H3C5","Z74QDD6G9LJ6",NA,"ESCARPMENT ARMS INC","ESCARPMENT ARMS INC","USA","UNITED STATES","1312 RIDGE RD","","LEWISTON",36063,"NIAGARA",36,"NY","NEW YORK","140929749","NY-24","NY-24","7167273004","","USA","UNITED STATES","LEWISTON",36063,"NIAGARA",36,"NY","NEW YORK","140929749","NY-26","NY-24","AWARD","B","PURCHASE ORDER","","","","","","","J","FIRM FIXED PRICE","RENTAL OF OUTDOOR FIRING RANGE FACILITY FOR DHS/ICE/ERO BUFFALO FIELD OFFICE","22-0080",1,"OT","OTHER FUNCTIONS","U013","EDUCATION/TRAINING- COMBAT","H","NOT BUNDLED",NA,NA,713990,"ALL OTHER AMUSEMENT AND RECREATION INDUSTRIES","C","NO CLAUSES INCLUDED AND NO SUSTAINABILITY INCLUDED","A","U.S. OWNED BUSINESS",NA,NA,"","","E","NOT REQUIRED","USA","UNITED STATES","C","NOT A MANUFACTURED END PRODUCT","B","PLAN NOT REQUIRED","G","NOT COMPETED UNDER SAP","SP1","SIMPLIFIED ACQUISITION","NONE","NO SET ASIDE USED.","NONE","NO PREFERENCE USED","","","","","SP2","SAP NON-COMPETITION (FAR 13)",1,"A","COMMERCIAL PRODUCTS/SERVICES","f","N","NO","N","NO","Y","YES","N","NO",NA,"N","NO","X","NOT APPLICABLE","X","NOT APPLICABLE","X","NOT APPLICABLE","X","NOT APPLICABLE",NA,"","","","","","","","","","","","","N","N","","","D","NOT CONSOLIDATED","N","NO - SERVICE WHERE PBA IS NOT USED.","","","","","N","NO","X","NOT APPLICABLE","f","f","f","f","f","t","t","f","f","f","f","f","f","f","f","f","f","f","f","OTHER THAN SMALL BUSINESS","O","f","f","f","f","f","f","f","f","f","f","f","f","f","f","f","f","f","CORPORATE NOT TAX EXEMPT","t","f","f","f","f","f","f","f","f","f","f","f","f","f","f","f","f","t","f","f","f","f","f","f","f","t","f","f","t","f","f","f","f","f","f","f","f","f","f","f","f","f","f","f","f","t","f","f","f","f","",NA,"",NA,"",NA,"",NA,"",NA,"https://www.usaspending.gov/award/CONT_AWD_70CDCR22P00000009_7012_-NONE-_-NONE-/","2024-04-26"
"3","CONT_AWD_70CDCR22P00000024_7012_-NONE-_-NONE-","70CDCR22P00000024",NA,"","","Q: Not Designated Nonemergency/Emergency/Disaster/Wildfire Suppression",NA,NA,NA,NA,832557,654557,832557,1354557,2022-07-29,2022,"2025-01-27",2025,"2022-08-01",2025-07-31,"2027-07-31 00:00:00","","2022-07-06",70,"Department of Homeland Security",7012,"U.S. Immigration and Customs Enforcement","70CDCR","DETENTION COMPLIANCE AND REMOVALS",70,"Department of Homeland Security",7012,"U.S. Immigration and Customs Enforcement","70CFH0","ENFORCEMENT AND REMOVAL OPERATIONS HOUSTON","070-2022/2022-0540-000;070-2023/2023-0540-000;070-2024/2024-0540-000","070-0540","25.2: Other services from non-Federal sources;31.0: Equipment","0005: CAS - ENFORCEMENT AND REMOVAL OPERTIONS","X","NOT APPLICABLE",NA,"","XR3HKXN6M1B3",NA,"GO & ZALEZ INC","GO & ZALEZ INC.","","6S0S5","XR3HKXN6M1B3",NA,"GO & ZALEZ INC","GO & ZALEZ INC","USA","UNITED STATES","17234 FM 1314 RD","","CONROE",48339,"MONTGOMERY",48,"TX","TEXAS","773024850","TX-02","TX-08","2815724867","","USA","UNITED STATES","CONROE",48339,"MONTGOMERY",48,"TX","TEXAS","773024850","TX-02","TX-08","AWARD","B","PURCHASE ORDER","","","","","","","J","FIRM FIXED PRICE","NEW PURCHASE ORDER FOR HOUSTON FIRING RANGE PERIOD OF PERFORMANCE: 01AUG2022 - 31JUL2023 NEW TASK ORDER NUMBER: TO BE ISSUSED BY OAQ","",1,"OT","OTHER FUNCTIONS","X1FB","LEASE/RENTAL OF RECREATIONAL BUILDINGS","H","NOT BUNDLED",NA,NA,713990,"ALL OTHER AMUSEMENT AND RECREATION INDUSTRIES","C","NO CLAUSES INCLUDED AND NO SUSTAINABILITY INCLUDED","A","U.S. OWNED BUSINESS",NA,NA,"","","E","NOT REQUIRED","USA","UNITED STATES","C","NOT A MANUFACTURED END PRODUCT","B","PLAN NOT REQUIRED","C","NOT COMPETED","SSS","ONLY ONE SOURCE","NONE","NO SET ASIDE USED.","NONE","NO PREFERENCE USED","","","","","ONE","ONLY ONE SOURCE-OTHER (FAR 6.302-1 OTHER)",1,"A","COMMERCIAL PRODUCTS/SERVICES","f","N","NO","N","NO","X","NOT APPLICABLE","N","NO",NA,"N","NO","X","NOT APPLICABLE","X","NOT APPLICABLE","X","NOT APPLICABLE","X","NOT APPLICABLE",NA,"","","","","","","","","","","","","N","N","","","D","NOT CONSOLIDATED","N","NO - SERVICE WHERE PBA IS NOT USED.","","","","","N","NO","X","NOT APPLICABLE","f","f","f","f","f","f","f","f","f","f","f","f","t","f","f","f","t","f","f","SMALL BUSINESS","S","f","f","f","f","f","f","f","f","f","f","f","f","f","f","f","f","f","CORPORATE NOT TAX EXEMPT","t","f","f","f","f","f","f","f","f","f","f","f","f","f","f","f","f","t","f","f","f","f","f","f","f","f","f","f","t","f","f","f","f","f","f","f","f","f","f","f","f","f","f","f","f","f","f","f","f","f","",NA,"",NA,"",NA,"",NA,"",NA,"https://www.usaspending.gov/award/CONT_AWD_70CDCR22P00000024_7012_-NONE-_-NONE-/","2025-01-27"
"4","CONT_AWD_70CDCR23P00000010_7012_-NONE-_-NONE-","70CDCR23P00000010",NA,"","","Q: Not Designated Nonemergency/Emergency/Disaster/Wildfire Suppression",NA,NA,NA,NA,62400,31603,62400,106800,2023-05-01,2023,"2025-03-17",2025,"2023-05-01",2026-04-30,"2028-04-30 00:00:00","","2023-04-24",70,"Department of Homeland Security",7012,"U.S. Immigration and Customs Enforcement","70CDCR","DETENTION COMPLIANCE AND REMOVALS",70,"Department of Homeland Security",7012,"U.S. Immigration and Customs Enforcement","70CELP","ENFORCEMENT AND REMOVAL OPERATIONS EL PASO","070-2023/2023-0540-000;070-2024/2024-0540-000","070-0540","25.2: Other services from non-Federal sources","0005: CAS - ENFORCEMENT AND REMOVAL OPERTIONS","X","NOT APPLICABLE",NA,"","ZHC3X5NPAHX5",NA,"INSTALLATION MORALE WELFARE RECREATION FUND","INSTALLATION MORALE WELFARE RECREATION FUND","","36GM6","YPL2CAETC797",NA,"INSTALLATION MORALE WELFARE RECREATION FUND","INSTALLATION MORALE WELFARE RECREATION FUND","USA","UNITED STATES","BUILDING 11 PERSHING RD","BLDG 11","EL PASO",48141,"EL PASO",48,"TX","TEXAS","79916","TX-16","TX-16","9155683412","9155681921","USA","UNITED STATES","FORT BLISS",48141,"EL PASO",48,"TX","TEXAS","799163803","TX-16","TX-16","AWARD","B","PURCHASE ORDER","","","","","","","J","FIRM FIXED PRICE","THE EL PASO ERO HAS A NEED FOR 300 ICE PERSONNEL PER QUARTER TO CONDUCT MANDATED FIREARMS, DEFENSIVE TACTICS, AND CORRESPONDING POLICY REVIEW TRAINING AT THE FORT BLISS ROD AND GUN CLUB, FIRING RANGE.","192123FEP00000056",1,"CT","CRITICAL FUNCTIONS","X1FB","LEASE/RENTAL OF RECREATIONAL BUILDINGS","H","NOT BUNDLED",NA,NA,713990,"ALL OTHER AMUSEMENT AND RECREATION INDUSTRIES","C","NO CLAUSES INCLUDED AND NO SUSTAINABILITY INCLUDED","B","OTHER U.S. ENTITY (E.G. GOVERNMENT)",NA,NA,"","","E","NOT REQUIRED","USA","UNITED STATES","C","NOT A MANUFACTURED END PRODUCT","B","PLAN NOT REQUIRED","C","NOT COMPETED","SSS","ONLY ONE SOURCE","NONE","NO SET ASIDE USED.","NONE","NO PREFERENCE USED","","","","","ONE","ONLY ONE SOURCE-OTHER (FAR 6.302-1 OTHER)",1,"A","COMMERCIAL PRODUCTS/SERVICES","f","N","NO","","","X","NOT APPLICABLE","N","NO",NA,"N","NO","X","NOT APPLICABLE","X","NOT APPLICABLE","X","NOT APPLICABLE","X","NOT APPLICABLE",NA,"","","","","","","","","","","","","N","N","","","D","NOT CONSOLIDATED","N","NO - SERVICE WHERE PBA IS NOT USED.","","","","","N","NO","X","NOT APPLICABLE","f","f","f","f","f","f","f","f","f","f","f","f","f","f","f","f","f","f","f","OTHER THAN SMALL BUSINESS","O","f","f","f","f","f","f","f","f","f","f","f","f","f","f","f","f","f","OTHER","f","f","f","f","f","f","f","f","f","f","f","f","f","f","f","f","f","t","f","f","f","f","f","f","f","f","f","f","f","f","t","f","f","f","f","f","f","f","f","f","f","f","f","f","f","f","f","f","f","f","",NA,"",NA,"",NA,"",NA,"",NA,"https://www.usaspending.gov/award/CONT_AWD_70CDCR23P00000010_7012_-NONE-_-NONE-/","2025-03-17"
"5","CONT_AWD_70CDCR23P00000021_7012_-NONE-_-NONE-","70CDCR23P00000021",NA,"","","Q: Not Designated Nonemergency/Emergency/Disaster/Wildfire Suppression",NA,NA,NA,NA,61800,22557,61800,154500,2023-07-11,2023,"2024-06-27",2024,"2023-07-15",2025-07-14,"2028-07-14 00:00:00","","",70,"Department of Homeland Security",7012,"U.S. Immigration and Customs Enforcement","70CDCR","DETENTION COMPLIANCE AND REMOVALS",70,"Department of Homeland Security",7012,"U.S. Immigration and Customs Enforcement","70CFSE","ENFORCEMENT AND REMOVAL OPERATIONS SEATTLE","070-2023/2023-0540-000;070-2024/2024-0540-000","070-0540","25.2: Other services from non-Federal sources","0005: CAS - ENFORCEMENT AND REMOVAL OPERTIONS","X","NOT APPLICABLE",NA,"","YK3FFRM33G65",NA,"THE BLACK DIAMOND GUN CLUB","BLACK DIAMOND GUN CLUB","","7VAL6","YK3FFRM33G65",NA,"THE BLACK DIAMOND GUN CLUB","THE BLACK DIAMOND GUN CLUB","USA","UNITED STATES","34816 ENUMCLAW BLACK DIAMOND RD SE","","BLACK DIAMOND",53033,"KING",53,"WA","WASHINGTON","980109719","WA-08","WA-08","2537970945","","USA","UNITED STATES","BLACK DIAMOND",53033,"KING",53,"WA","WASHINGTON","980109719","WA-08","WA-08","AWARD","B","PURCHASE ORDER","","","","","","","J","FIRM FIXED PRICE","BLACK DIAMOND GUN CLUB FIREARMS RANGE RENTAL","",1,"CL,CT","CLOSELY ASSOCIATED,CRITICAL FUNCTIONS","X1EA","LEASE/RENTAL OF AMMUNITION FACILITIES","H","NOT BUNDLED",NA,NA,611699,"ALL OTHER MISCELLANEOUS SCHOOLS AND INSTRUCTION","C","NO CLAUSES INCLUDED AND NO SUSTAINABILITY INCLUDED","A","U.S. OWNED BUSINESS",NA,NA,"","","E","NOT REQUIRED","USA","UNITED STATES","C","NOT A MANUFACTURED END PRODUCT","B","PLAN NOT REQUIRED","G","NOT COMPETED UNDER SAP","SP1","SIMPLIFIED ACQUISITION","NONE","NO SET ASIDE USED.","NONE","NO PREFERENCE USED","","","","","SP2","SAP NON-COMPETITION (FAR 13)",1,"D","COMMERCIAL PRODUCTS/SERVICES PROCEDURES NOT USED","f","N","NO","","","X","NOT APPLICABLE","N","NO",NA,"N","NO","N","NO","N","NO","N","NO","X","NOT APPLICABLE",NA,"","","","","","","","","","","","","N","N","","","D","NOT CONSOLIDATED","N","NO - SERVICE WHERE PBA IS NOT USED.","","","","","N","NO","X","NOT APPLICABLE","f","f","f","f","f","f","f","f","f","f","f","f","f","f","f","f","f","f","f","OTHER THAN SMALL BUSINESS","O","f","f","f","f","f","f","f","f","f","f","f","f","f","f","f","f","f","CORPORATE NOT TAX EXEMPT","t","f","f","f","f","f","f","f","f","f","f","f","f","f","f","f","f","t","f","f","f","f","f","f","f","f","f","f","f","f","t","f","f","f","f","f","f","f","f","f","f","f","f","f","f","f","f","f","f","f","",NA,"",NA,"",NA,"",NA,"",NA,"https://www.usaspending.gov/award/CONT_AWD_70CDCR23P00000021_7012_-NONE-_-NONE-/","2024-06-27"
"6","CONT_AWD_70CDCR24P00000001_7012_-NONE-_-NONE-","70CDCR24P00000001",NA,"","","Q: Not Designated Nonemergency/Emergency/Disaster/Wildfire Suppression",NA,NA,NA,NA,20500,12475,50000,50000,2023-10-31,2024,"2025-01-23",2025,"2023-11-01",2025-10-31,"2025-10-31 00:00:00","","",70,"Department of Homeland Security",7012,"U.S. Immigration and Customs Enforcement","70CDCR","DETENTION COMPLIANCE AND REMOVALS",70,"Department of Homeland Security",7012,"U.S. Immigration and Customs Enforcement","70CFLS","ENFORCEMENT AND REMOVAL OPERATIONS LOS ANGELES","070-2024/2024-0540-000;070-2025/2025-0540-000","070-0540","25.2: Other services from non-Federal sources","0005: CAS - ENFORCEMENT AND REMOVAL OPERTIONS","X","NOT APPLICABLE",NA,"","GXKHMEJ96NP5",NA,"ANGELES SHOOTING RANGES, INCORPORATED","ANGELES SHOOTING RANGES INCORPORATED","","3ZZW8","GXKHMEJ96NP5",NA,"ANGELES SHOOTING RANGES, INCORPORATED","ANGELES SHOOTING RANGES  INCORPORATED","USA","UNITED STATES","12651 LITTLE TUJUNGA CANYON RD","","SYLMAR",6037,"LOS ANGELES",6,"CA","CALIFORNIA","913426311","CA-29","CA-29","8188992255","8188342985","USA","UNITED STATES","SYLMAR",6037,"LOS ANGELES",6,"CA","CALIFORNIA","913420804","CA-29","CA-29","AWARD","B","PURCHASE ORDER","","","","","","","J","FIRM FIXED PRICE","FIRING RANGE SERVICES FOR LOS ANGELES ERO","",1,"","","7830","RECREATIONAL AND GYMNASTIC EQUIPMENT","H","NOT BUNDLED",NA,NA,611699,"ALL OTHER MISCELLANEOUS SCHOOLS AND INSTRUCTION","C","NO CLAUSES INCLUDED AND NO SUSTAINABILITY INCLUDED","A","U.S. OWNED BUSINESS",NA,NA,"","","D","JUSTIFICATION - PERFORMANCE","USA","UNITED STATES","D","MFG IN U.S.","B","PLAN NOT REQUIRED","C","NOT COMPETED","SSS","ONLY ONE SOURCE","NONE","NO SET ASIDE USED.","NONE","NO PREFERENCE USED","","","","","ONE","ONLY ONE SOURCE-OTHER (FAR 6.302-1 OTHER)",1,"A","COMMERCIAL PRODUCTS/SERVICES","f","N","NO","","","N","NO","N","NO",NA,"N","NO","N","NO","N","NO","N","NO","X","NOT APPLICABLE",NA,"","","","","","","","","","","","","N","N","","","D","NOT CONSOLIDATED","X","NOT APPLICABLE","","","Z","NOT APPLICABLE","N","NO","X","NOT APPLICABLE","f","f","f","f","f","f","f","f","f","f","f","f","f","f","f","f","f","f","f","SMALL BUSINESS","S","f","f","f","f","f","f","f","f","f","f","f","f","f","f","f","f","f","CORPORATE NOT TAX EXEMPT","t","f","f","f","f","f","f","f","f","f","f","f","f","f","f","f","f","t","f","f","f","f","f","f","f","f","f","f","t","f","f","f","f","f","f","f","f","f","f","f","f","f","f","f","f","f","f","f","f","f","",NA,"",NA,"",NA,"",NA,"",NA,"https://www.usaspending.gov/award/CONT_AWD_70CDCR24P00000001_7012_-NONE-_-NONE-/","2025-01-23"
"7","CONT_AWD_70CMSW24P00000004_7012_-NONE-_-NONE-","70CMSW24P00000004",NA,"","","Q: Not Designated Nonemergency/Emergency/Disaster/Wildfire Suppression",NA,NA,NA,NA,53600,26800,53600,53600,2024-02-05,2024,"2025-02-11",2025,"2024-02-11",2026-02-10,"2026-02-10 00:00:00","","",70,"Department of Homeland Security",7012,"U.S. Immigration and Customs Enforcement","70CMSW","MISSION SUPPORT WASHINGTON",70,"Department of Homeland Security",7012,"U.S. Immigration and Customs Enforcement","70CFDN","ENFORCEMENT AND REMOVAL OPERATIONS DENVER","070-2024/2024-0540-000;070-2025/2025-0540-000","070-0540","23.2: Rental payments to others","0005: CAS - ENFORCEMENT AND REMOVAL OPERTIONS","X","NOT APPLICABLE",NA,"","H8YFF5F9TM53",NA,"THE HIGHLANDS RANCH LAW ENFORCEMENT TRAINING FOUNDATION","THE HIGHLANDS RANCH LAW ENFORCEMENT TRAINING FOUNDATION","","3PPQ5","H8YFF5F9TM53",NA,"THE HIGHLANDS RANCH LAW ENFORCEMENT TRAINING FOUNDATION","THE HIGHLANDS RANCH LAW ENFORCEMENT TRAINING FOUNDATION","USA","UNITED STATES","6001 RON KING TRL","","LITTLETON",8035,"DOUGLAS",8,"CO","COLORADO","801257603","CO-04","CO-04","3038147089","3038148790","USA","UNITED STATES","LITTLETON",8035,"DOUGLAS",8,"CO","COLORADO","801257603","CO-04","CO-04","AWARD","B","PURCHASE ORDER","","","","","","","J","FIRM FIXED PRICE","LEASING SPACE AT HIGHLANDS RANCH LAW ENFORCEMENT TRAINING FACILITY FOR ERO OFFICER QUALIFYING PURPOSES","",1,"OT","OTHER FUNCTIONS","U014","EDUCATION/TRAINING- SECURITY","H","NOT BUNDLED",NA,NA,611699,"ALL OTHER MISCELLANEOUS SCHOOLS AND INSTRUCTION","C","NO CLAUSES INCLUDED AND NO SUSTAINABILITY INCLUDED","A","U.S. OWNED BUSINESS",NA,NA,"","","E","NOT REQUIRED","USA","UNITED STATES","C","NOT A MANUFACTURED END PRODUCT","B","PLAN NOT REQUIRED","C","NOT COMPETED","SSS","ONLY ONE SOURCE","NONE","NO SET ASIDE USED.","NONE","NO PREFERENCE USED","","","","","ONE","ONLY ONE SOURCE-OTHER (FAR 6.302-1 OTHER)",1,"D","COMMERCIAL PRODUCTS/SERVICES PROCEDURES NOT USED","f","N","NO","","","N","NO","N","NO",NA,"N","NO","N","NO","N","NO","N","NO","X","NOT APPLICABLE",NA,"","","","","","","","","","","","","N","N","","","D","NOT CONSOLIDATED","Y","YES - SERVICE WHERE PBA IS USED.","","","","","N","NO","X","NOT APPLICABLE","f","f","f","f","f","f","f","f","f","f","f","f","f","f","f","f","f","f","f","OTHER THAN SMALL BUSINESS","O","f","f","f","f","f","f","f","f","f","f","f","f","f","f","f","f","f","CORPORATE TAX EXEMPT","f","t","f","f","f","f","f","f","f","f","t","f","f","f","f","f","f","t","f","f","f","f","f","f","f","f","f","f","f","t","f","f","f","f","f","f","f","f","f","f","f","f","f","f","f","f","f","f","f","f","",NA,"",NA,"",NA,"",NA,"",NA,"https://www.usaspending.gov/award/CONT_AWD_70CMSW24P00000004_7012_-NONE-_-NONE-/","2025-02-11"
"8","CONT_AWD_70CDCR24P00000013_7012_-NONE-_-NONE-","70CDCR24P00000013",NA,"","","Q: Not Designated Nonemergency/Emergency/Disaster/Wildfire Suppression",NA,NA,NA,NA,18867,3000,18867,18867,2024-05-14,2024,"2024-05-14",2024,"2024-05-12",2025-05-11,"2025-05-11 00:00:00","","",70,"Department of Homeland Security",7012,"U.S. Immigration and Customs Enforcement","70CDCR","DETENTION COMPLIANCE AND REMOVALS",70,"Department of Homeland Security",7012,"U.S. Immigration and Customs Enforcement","70CFSP","ENFORCEMENT AND REMOVAL OPERATIONS SAINT PAUL","070-2024/2024-0540-000","070-0540","23.2: Rental payments to others","0005: CAS - ENFORCEMENT AND REMOVAL OPERTIONS","X","NOT APPLICABLE",NA,"","FVJMNPLMEEJ2",NA,"REGENTS OF UNIVERSITY OF MINNESOTA","REGENTS OF UNIVERSITY OF MINNESOTA","","5W8T3","FVJMNPLMEEJ2",NA,"REGENTS OF UNIVERSITY OF MINNESOTA","REGENTS OF UNIVERSITY OF MINNESOTA","USA","UNITED STATES","1300 S 2ND ST WBOB 645","","MINNEAPOLIS",27053,"HENNEPIN",27,"MN","MINNESOTA","55455","MN-05","MN-05","6126245540","6126263969","USA","UNITED STATES","MINNEAPOLIS",27053,"HENNEPIN",27,"MN","MINNESOTA","554552009","MN-05","MN-05","AWARD","B","PURCHASE ORDER","","","","","","","J","FIRM FIXED PRICE","UNIVERSITY OF MINNESOTA FIREARMS RANGE RENTAL","",1,"CL,CT","CLOSELY ASSOCIATED,CRITICAL FUNCTIONS","X1EA","LEASE/RENTAL OF AMMUNITION FACILITIES","H","NOT BUNDLED",NA,NA,611699,"ALL OTHER MISCELLANEOUS SCHOOLS AND INSTRUCTION","C","NO CLAUSES INCLUDED AND NO SUSTAINABILITY INCLUDED","B","OTHER U.S. ENTITY (E.G. GOVERNMENT)",NA,NA,"","","E","NOT REQUIRED","USA","UNITED STATES","C","NOT A MANUFACTURED END PRODUCT","B","PLAN NOT REQUIRED","G","NOT COMPETED UNDER SAP","SP1","SIMPLIFIED ACQUISITION","NONE","NO SET ASIDE USED.","NONE","NO PREFERENCE USED","","","","","SP2","SAP NON-COMPETITION (FAR 13)",1,"D","COMMERCIAL PRODUCTS/SERVICES PROCEDURES NOT USED","f","N","NO","","","N","NO","N","NO",NA,"N","NO","N","NO","N","NO","N","NO","X","NOT APPLICABLE",NA,"","","","","","","","","","","","","N","N","","","D","NOT CONSOLIDATED","N","NO - SERVICE WHERE PBA IS NOT USED.","","","","","N","NO","X","NOT APPLICABLE","f","f","f","f","f","f","f","f","f","f","f","f","f","f","f","f","f","f","f","OTHER THAN SMALL BUSINESS","O","f","f","f","f","f","f","t","f","f","f","f","f","f","f","f","f","f","US GOVERNMENT ENTITY","f","f","f","f","f","f","t","f","f","t","f","f","f","f","f","f","f","t","f","f","f","f","f","f","f","f","f","f","f","f","f","f","f","f","t","f","f","f","f","f","f","f","f","f","f","f","f","f","f","f","",NA,"",NA,"",NA,"",NA,"",NA,"https://www.usaspending.gov/award/CONT_AWD_70CDCR24P00000013_7012_-NONE-_-NONE-/","2024-05-14"
"9","CONT_AWD_70CDCR24P00000023_7012_-NONE-_-NONE-","70CDCR24P00000023",NA,"","","Q: Not Designated Nonemergency/Emergency/Disaster/Wildfire Suppression",NA,NA,NA,NA,12000,2450,12000,41400,2024-09-24,2024,"2024-10-16",2025,"2024-09-29",2028-09-28,"2028-09-28 00:00:00","","",70,"Department of Homeland Security",7012,"U.S. Immigration and Customs Enforcement","70CDCR","DETENTION COMPLIANCE AND REMOVALS",70,"Department of Homeland Security",7012,"U.S. Immigration and Customs Enforcement","70CLSA","ENFORCEMENT AND REMOVAL OPERATIONS LAW ENFORCEMENT SYSTEMS ANALYSIS","070-X-5382-000","070-5382","25.1: Advisory and assistance services","0001: IMMIGRATION AND CUSTOMS ENFORCEMENT (DIRECT)","X","NOT APPLICABLE",NA,"","NL2DK4ZCGLP3",NA,"PRADO FAMILY SHOOTING RANGE","PRADO FAMILY SHOOTING RANGE","","323M8","NL2DK4ZCGLP3",NA,"PRADO FAMILY SHOOTING RANGE","PRADO FAMILY SHOOTING RANGE","USA","UNITED STATES","17501 POMONA RINCON RD","","CHINO",6071,"SAN BERNARDINO",6,"CA","CALIFORNIA","917089287","CA-35","CA-35","9095974794","9095976938","USA","UNITED STATES","DALLAS",48113,"DALLAS",48,"TX","TEXAS","752443830","TX-24","TX-24","AWARD","B","PURCHASE ORDER","","","","","","","J","FIRM FIXED PRICE","FIRING RANGE SERVICES FOR THE PERC","",1,"","","7830","RECREATIONAL AND GYMNASTIC EQUIPMENT","H","NOT BUNDLED",NA,NA,561210,"FACILITIES SUPPORT SERVICES","C","NO CLAUSES INCLUDED AND NO SUSTAINABILITY INCLUDED","A","U.S. OWNED BUSINESS",NA,NA,"","","E","NOT REQUIRED","USA","UNITED STATES","D","MFG IN U.S.","A","PLAN NOT INCLUDED - NO SUBCONTRACTING POSSIBILITIES","G","NOT COMPETED UNDER SAP","SP1","SIMPLIFIED ACQUISITION","NONE","NO SET ASIDE USED.","NONE","NO PREFERENCE USED","","","","","SP2","SAP NON-COMPETITION (FAR 13)",1,"A","COMMERCIAL PRODUCTS/SERVICES","f","N","NO","","","N","NO","N","NO",NA,"N","NO","N","NO","N","NO","N","NO","X","NOT APPLICABLE",NA,"","","","","","","","","","","","","N","N","","","D","NOT CONSOLIDATED","X","NOT APPLICABLE","","","Z","NOT APPLICABLE","N","NO","X","NOT APPLICABLE","f","f","f","f","f","t","f","f","f","f","f","f","f","f","f","f","f","f","f","OTHER THAN SMALL BUSINESS","O","f","f","f","f","f","f","f","f","f","f","f","f","f","f","f","f","f","CORPORATE NOT TAX EXEMPT","t","f","f","f","f","f","f","f","f","f","f","f","f","f","f","f","f","t","f","f","f","f","f","f","f","f","f","f","t","f","f","f","f","f","f","f","f","f","f","f","f","f","f","f","f","t","f","f","f","f","",NA,"",NA,"",NA,"",NA,"",NA,"https://www.usaspending.gov/award/CONT_AWD_70CDCR24P00000023_7012_-NONE-_-NONE-/","2024-10-16"
"10","CONT_AWD_70CMSD25P00000004_7012_-NONE-_-NONE-","70CMSD25P00000004",NA,"","","Q: Not Designated Nonemergency/Emergency/Disaster/Wildfire Suppression",NA,NA,NA,NA,20000,NA,20000,20000,2024-12-18,2025,"2024-12-18",2025,"2025-01-01",2025-12-31,"2025-12-31 00:00:00","","",70,"Department of Homeland Security",7012,"U.S. Immigration and Customs Enforcement","70CMSD","INVESTIGATIONS AND OPERATIONS SUPPORT DALLAS",70,"Department of Homeland Security",7012,"U.S. Immigration and Customs Enforcement","70CSAD","HOMELAND SECURITY INVESTIGATIONS SAN DIEGO","070-2025/2025-0540-000","070-0540","25.2: Other services from non-Federal sources","0004: CAS - HOMELAND SECURITY INVESTIGATIONS","X","NOT APPLICABLE",NA,"","CH9XY8AX7BD8",NA,"ESCONDIDO, CITY OF","ESCONDIDO, CITY OF","","4ESY5","CH9XY8AX7BD8",NA,"ESCONDIDO, CITY OF","ESCONDIDO  CITY OF","USA","UNITED STATES","201 N BROADWAY","","ESCONDIDO",6073,"SAN DIEGO",6,"CA","CALIFORNIA","920252709","CA-48","CA-48","7608394905","7607397035","USA","UNITED STATES","ESCONDIDO",6073,"SAN DIEGO",6,"CA","CALIFORNIA","920252709","CA-48","CA-48","AWARD","B","PURCHASE ORDER","","","","","","","J","FIRM FIXED PRICE","FIRING RANGE","",1,"OT","OTHER FUNCTIONS","X1PA","LEASE/RENTAL OF RECREATION FACILITIES (NON-BUILDING)","H","NOT BUNDLED",NA,NA,713990,"ALL OTHER AMUSEMENT AND RECREATION INDUSTRIES","C","NO CLAUSES INCLUDED AND NO SUSTAINABILITY INCLUDED","B","OTHER U.S. ENTITY (E.G. GOVERNMENT)",NA,NA,"","","E","NOT REQUIRED","USA","UNITED STATES","C","NOT A MANUFACTURED END PRODUCT","B","PLAN NOT REQUIRED","F","COMPETED UNDER SAP","SP1","SIMPLIFIED ACQUISITION","NONE","NO SET ASIDE USED.","NONE","NO PREFERENCE USED","","","","","","",3,"A","COMMERCIAL PRODUCTS/SERVICES","f","N","NO","","","X","NOT APPLICABLE","N","NO",NA,"N","NO","X","NOT APPLICABLE","X","NOT APPLICABLE","X","NOT APPLICABLE","X","NOT APPLICABLE",NA,"","","","","","","","","","","","","N","N","","","D","NOT CONSOLIDATED","N","NO - SERVICE WHERE PBA IS NOT USED.","","","","","Y","YES","X","NOT APPLICABLE","f","f","f","f","f","f","f","f","f","f","f","f","f","f","f","f","f","f","f","OTHER THAN SMALL BUSINESS","O","f","f","f","f","f","f","f","t","t","f","f","f","f","f","f","f","f","US GOVERNMENT ENTITY","f","f","f","f","f","f","t","f","f","f","f","f","f","f","f","f","f","t","f","f","f","f","f","f","f","f","f","f","f","f","f","f","f","f","f","f","f","f","f","f","f","f","f","f","f","f","f","f","f","f","",NA,"",NA,"",NA,"",NA,"",NA,"https://www.usaspending.gov/award/CONT_AWD_70CMSD25P00000004_7012_-NONE-_-NONE-/","2024-12-18"
"11","CONT_AWD_70CDCR20P00000069_7012_-NONE-_-NONE-","70CDCR20P00000069",NA,"","","Q: Not Designated Nonemergency/Emergency/Disaster/Wildfire Suppression",NA,NA,NA,NA,377823,165150,377823,387813,2020-07-23,2020,"2024-07-17",2024,"2020-07-23",2025-07-31,"2025-07-31 00:00:00","","",70,"Department of Homeland Security",7012,"U.S. Immigration and Customs Enforcement","70CDCR","DETENTION COMPLIANCE AND REMOVALS",70,"Department of Homeland Security",7012,"U.S. Immigration and Customs Enforcement","70CFSP","ENFORCEMENT AND REMOVAL OPERATIONS SAINT PAUL","070-2020/2020-0540-000;070-2021/2021-0540-000;070-2022/2022-0540-000;070-2023/2023-0540-000;070-2024/2024-0540-000","070-0540","23.2: Rental payments to others","0005: CAS - ENFORCEMENT AND REMOVAL OPERTIONS;OPTN: FIELD IS OPTIONAL PRIOR TO FY21","X","NOT APPLICABLE",NA,"","PUH4LGL9L1G9",NA,"CITY OF COTTAGE GROVE","COTTAGE GROVE, CITY OF (INC)","","5R1R9","PUH4LGL9L1G9",NA,"CITY OF COTTAGE GROVE","CITY OF COTTAGE GROVE","USA","UNITED STATES","12800 RAVINE PKWY","","COTTAGE GROVE",27163,"WASHINGTON",27,"MN","MINNESOTA","550166103","MN-02","MN-02","6514582832","6514582897","USA","UNITED STATES","COTTAGE GROVE",27163,"WASHINGTON",27,"MN","MINNESOTA","550166103","MN-02","MN-02","AWARD","B","PURCHASE ORDER","","","","","","","J","FIRM FIXED PRICE","GUN RANGE FACILITY RENTAL IN ST PAUL MN AOR","LAW ENFORCEMENT TRAINING",1,"OT","OTHER FUNCTIONS","X1EA","LEASE/RENTAL OF AMMUNITION FACILITIES","H","NOT BUNDLED",NA,NA,713990,"ALL OTHER AMUSEMENT AND RECREATION INDUSTRIES","C","NO CLAUSES INCLUDED AND NO SUSTAINABILITY INCLUDED","B","OTHER U.S. ENTITY (E.G. GOVERNMENT)",NA,NA,"","","E","NOT REQUIRED","USA","UNITED STATES","C","NOT A MANUFACTURED END PRODUCT","B","PLAN NOT REQUIRED","G","NOT COMPETED UNDER SAP","SP1","SIMPLIFIED ACQUISITION","NONE","NO SET ASIDE USED.","NONE","NO PREFERENCE USED","","","","","SP2","SAP NON-COMPETITION (FAR 13)",1,"A","COMMERCIAL PRODUCTS/SERVICES","f","Y","YES","N","NO","Y","YES","N","NO",NA,"N","NO","X","NOT APPLICABLE","N","NO","X","NOT APPLICABLE","X","NOT APPLICABLE",NA,"","","","","","","","","","","","","N","N","","","D","NOT CONSOLIDATED","N","NO - SERVICE WHERE PBA IS NOT USED.","","","","","N","NO","X","NOT APPLICABLE","f","f","f","f","f","f","f","f","f","f","f","f","f","f","f","f","f","f","f","OTHER THAN SMALL BUSINESS","O","f","f","f","f","f","f","f","t","t","f","f","f","t","f","f","f","f","US GOVERNMENT ENTITY","f","f","f","f","f","f","t","f","f","f","f","f","f","f","f","f","f","t","f","f","f","f","f","f","f","f","f","f","f","f","f","f","f","f","f","f","f","f","f","f","f","f","f","f","f","f","f","f","f","f","",NA,"",NA,"",NA,"",NA,"",NA,"https://www.usaspending.gov/award/CONT_AWD_70CDCR20P00000069_7012_-NONE-_-NONE-/","2024-07-17"
"12","CONT_AWD_70CMSW21P00000017_7012_-NONE-_-NONE-","70CMSW21P00000017",NA,"","","Q: Not Designated Nonemergency/Emergency/Disaster/Wildfire Suppression",NA,NA,NA,NA,19104,5880,19104,19104,2021-05-17,2021,"2024-05-30",2024,"2021-05-17",2025-06-30,"2025-06-30 00:00:00","","2021-05-04",70,"Department of Homeland Security",7012,"U.S. Immigration and Customs Enforcement","70CMSW","MISSION SUPPORT WASHINGTON",70,"Department of Homeland Security",7012,"U.S. Immigration and Customs Enforcement","70CKR0","ENFORCEMENT AND REMOVAL OPERATIONS MIAMI KROME","070-2021/2021-0540-000;070-2022/2022-0540-000;070-2023/2023-0540-000;070-2024/2024-0540-000","070-0540","25.2: Other services from non-Federal sources","0005: CAS - ENFORCEMENT AND REMOVAL OPERTIONS","X","NOT APPLICABLE",NA,"","ENPZJ7ZDKMY9",NA,"LONE STAR ARMORY, INC","LONE STAR ARMORY, INC.","","6VWZ7","ENPZJ7ZDKMY9",NA,"LONE STAR ARMORY, INC","LONE STAR ARMORY  INC","USA","UNITED STATES","RAMAL 22 BO PALMAS","","CATANO",72033,"CATAÃ‘O",72,"PR","PUERTO RICO","00962","PR-98","PR-98","7876332730","7877861077","USA","UNITED STATES","CATANO",72033,"CATANO",72,"PR","PUERTO RICO","009625848","PR-98","PR-98","AWARD","B","PURCHASE ORDER","","","","","","","J","FIRM FIXED PRICE","FIRING RANGE FOR DHS/ICE/ERO QUALIFICATION OF FIREARMS IN PUERTO RICO","70CMSW21Q00000014",1,"OT","OTHER FUNCTIONS","X1FB","LEASE/RENTAL OF RECREATIONAL BUILDINGS","H","NOT BUNDLED",NA,NA,713990,"ALL OTHER AMUSEMENT AND RECREATION INDUSTRIES","C","NO CLAUSES INCLUDED AND NO SUSTAINABILITY INCLUDED","A","U.S. OWNED BUSINESS",NA,NA,"","","E","NOT REQUIRED","USA","UNITED STATES","C","NOT A MANUFACTURED END PRODUCT","B","PLAN NOT REQUIRED","C","NOT COMPETED","SSS","ONLY ONE SOURCE","NONE","NO SET ASIDE USED.","NONE","NO PREFERENCE USED","","","","","ONE","ONLY ONE SOURCE-OTHER (FAR 6.302-1 OTHER)",1,"A","COMMERCIAL PRODUCTS/SERVICES","f","N","NO","N","NO","N","NO","N","NO",NA,"N","NO","N","NO","N","NO","N","NO","X","NOT APPLICABLE",NA,"","","","","","","","","","","","","N","N","","","D","NOT CONSOLIDATED","N","NO - SERVICE WHERE PBA IS NOT USED.","","","","","N","NO","X","NOT APPLICABLE","f","f","f","f","f","f","f","t","f","f","f","f","f","f","f","f","t","f","f","SMALL BUSINESS","S","f","f","f","f","f","f","f","f","f","f","f","f","f","f","f","f","f","CORPORATE NOT TAX EXEMPT","t","f","f","f","f","f","f","f","f","f","f","f","f","f","f","f","f","t","f","f","f","f","f","f","f","f","f","f","t","f","f","f","f","f","f","f","f","f","f","f","f","f","f","f","f","t","f","f","f","f","",NA,"",NA,"",NA,"",NA,"",NA,"https://www.usaspending.gov/award/CONT_AWD_70CMSW21P00000017_7012_-NONE-_-NONE-/","2024-05-30"
"13","CONT_AWD_70CDCR21P00000029_7012_-NONE-_-NONE-","70CDCR21P00000029",NA,"","","Q: Not Designated Nonemergency/Emergency/Disaster/Wildfire Suppression",NA,NA,NA,NA,46800,16575,46800,58500,2021-06-09,2021,"2025-01-06",2025,"2021-07-01",2025-06-30,"2026-06-30 00:00:00","","",70,"Department of Homeland Security",7012,"U.S. Immigration and Customs Enforcement","70CDCR","DETENTION COMPLIANCE AND REMOVALS",70,"Department of Homeland Security",7012,"U.S. Immigration and Customs Enforcement","70CFNY","ENFORCEMENT AND REMOVAL OPERATIONS NEW YORK","070-2021/2021-0540-000;070-2022/2022-0540-000;070-2023/2023-0540-000;070-2024/2024-0540-000","070-0540","25.2: Other services from non-Federal sources","0005: CAS - ENFORCEMENT AND REMOVAL OPERTIONS","X","NOT APPLICABLE",NA,"","DSRXJKH21B53",NA,"TOWN OF ISLIP","ISLIP, TOWN OF","","60T87","QUEFELW478U5",NA,"TOWN OF ISLIP","TOWN OF ISLIP","USA","UNITED STATES","50 IRISH LN","","EAST ISLIP",36103,"SUFFOLK",36,"NY","NEW YORK","117302003","NY-02","NY-02","6315953840","6312245701","USA","UNITED STATES","EAST ISLIP",36103,"SUFFOLK",36,"NY","NEW YORK","117301003","NY-02","NY-02","AWARD","B","PURCHASE ORDER","","","","","","","J","FIRM FIXED PRICE","OUTDOOR GUN RANGE RENTAL FOR DHS/ICE/ERO NEW YORK","",1,"CT","CRITICAL FUNCTIONS","W069","LEASE OR RENTAL OF EQUIPMENT- TRAINING AIDS AND DEVICES","H","NOT BUNDLED",NA,NA,713990,"ALL OTHER AMUSEMENT AND RECREATION INDUSTRIES","C","NO CLAUSES INCLUDED AND NO SUSTAINABILITY INCLUDED","B","OTHER U.S. ENTITY (E.G. GOVERNMENT)",NA,NA,"","","E","NOT REQUIRED","USA","UNITED STATES","C","NOT A MANUFACTURED END PRODUCT","B","PLAN NOT REQUIRED","C","NOT COMPETED","SSS","ONLY ONE SOURCE","NONE","NO SET ASIDE USED.","NONE","NO PREFERENCE USED","","","","","ONE","ONLY ONE SOURCE-OTHER (FAR 6.302-1 OTHER)",1,"D","COMMERCIAL PRODUCTS/SERVICES PROCEDURES NOT USED","f","N","NO","N","NO","X","NOT APPLICABLE","N","NO",NA,"N","NO","X","NOT APPLICABLE","X","NOT APPLICABLE","X","NOT APPLICABLE","X","NOT APPLICABLE",NA,"","","","","","","","","","","","","N","N","","","D","NOT CONSOLIDATED","N","NO - SERVICE WHERE PBA IS NOT USED.","","","","","N","NO","X","NOT APPLICABLE","f","f","f","f","f","f","f","f","f","f","f","f","f","f","f","f","f","f","f","OTHER THAN SMALL BUSINESS","O","f","f","f","f","f","f","f","t","f","f","f","f","f","f","t","f","f","US GOVERNMENT ENTITY","f","f","f","f","f","f","t","f","f","f","f","f","f","f","f","f","f","t","f","f","f","f","f","f","f","f","f","f","f","f","f","f","f","f","f","f","f","f","f","f","f","f","f","f","f","f","f","f","f","f","",NA,"",NA,"",NA,"",NA,"",NA,"https://www.usaspending.gov/award/CONT_AWD_70CDCR21P00000029_7012_-NONE-_-NONE-/","2025-01-06"
"14","CONT_AWD_70CDCR22P00000006_7012_-NONE-_-NONE-","70CDCR22P00000006",NA,"","","Q: Not Designated Nonemergency/Emergency/Disaster/Wildfire Suppression",NA,NA,NA,NA,60750,NA,60750,105000,2022-03-03,2022,"2024-04-15",2024,"2022-04-21",2025-04-20,"2027-04-20 00:00:00","","2022-02-09",70,"Department of Homeland Security",7012,"U.S. Immigration and Customs Enforcement","70CDCR","DETENTION COMPLIANCE AND REMOVALS",70,"Department of Homeland Security",7012,"U.S. Immigration and Customs Enforcement","70CFBV","ENFORCEMENT AND REMOVAL OPERATIONS BUFFALO","070-2022/2022-0540-000;070-2023/2023-0540-000;070-2024/2024-0540-000","070-0540","25.2: Other services from non-Federal sources","0005: CAS - ENFORCEMENT AND REMOVAL OPERTIONS","X","NOT APPLICABLE",NA,"","W3HVB3149KQ9",NA,"TOWN OF LANCASTER","LANCASTER, TOWN OF","","4SC34","W3HVB3149KQ9",NA,"TOWN OF LANCASTER","TOWN OF LANCASTER","USA","UNITED STATES","21 CENTRAL AVE STE 5","","LANCASTER",36029,"ERIE",36,"NY","NEW YORK","140862128","NY-23","NY-23","7166831610","7166835012","USA","UNITED STATES","LANCASTER",36029,"ERIE",36,"NY","NEW YORK","140862128","NY-23","NY-23","AWARD","B","PURCHASE ORDER","","","","","","","J","FIRM FIXED PRICE","RENTAL OF SECURE INDOOR FIRING RANGE FACILITY","",1,"OT","OTHER FUNCTIONS","U013","EDUCATION/TRAINING- COMBAT","H","NOT BUNDLED",NA,NA,713990,"ALL OTHER AMUSEMENT AND RECREATION INDUSTRIES","C","NO CLAUSES INCLUDED AND NO SUSTAINABILITY INCLUDED","B","OTHER U.S. ENTITY (E.G. GOVERNMENT)",NA,NA,"","","E","NOT REQUIRED","USA","UNITED STATES","C","NOT A MANUFACTURED END PRODUCT","B","PLAN NOT REQUIRED","C","NOT COMPETED","SSS","ONLY ONE SOURCE","NONE","NO SET ASIDE USED.","NONE","NO PREFERENCE USED","","","","","ONE","ONLY ONE SOURCE-OTHER (FAR 6.302-1 OTHER)",1,"A","COMMERCIAL PRODUCTS/SERVICES","f","N","NO","N","NO","N","NO","N","NO",NA,"N","NO","X","NOT APPLICABLE","X","NOT APPLICABLE","X","NOT APPLICABLE","X","NOT APPLICABLE",NA,"","","","","","","","","","","","","N","N","","","D","NOT CONSOLIDATED","N","NO - SERVICE WHERE PBA IS NOT USED.","","","","","N","NO","X","NOT APPLICABLE","f","f","f","f","f","f","f","f","f","f","f","f","f","f","f","f","f","f","f","OTHER THAN SMALL BUSINESS","O","f","f","f","f","f","f","f","t","f","f","f","f","t","f","f","f","f","US GOVERNMENT ENTITY","f","f","f","f","f","f","t","f","f","f","f","f","f","f","f","f","f","t","f","f","f","f","f","f","f","f","f","f","f","f","f","f","f","f","f","f","f","f","f","f","f","f","f","f","f","f","f","f","f","f","",NA,"",NA,"",NA,"",NA,"",NA,"https://www.usaspending.gov/award/CONT_AWD_70CDCR22P00000006_7012_-NONE-_-NONE-/","2024-04-15"
"15","CONT_AWD_70CMSD22P00000111_7012_-NONE-_-NONE-","70CMSD22P00000111",NA,"","","Q: Not Designated Nonemergency/Emergency/Disaster/Wildfire Suppression",NA,NA,NA,NA,81500,60918.95,81500,135500,2022-09-13,2022,"2024-08-16",2024,"2022-09-28",2025-09-27,"2027-09-27 00:00:00","","2022-08-26",70,"Department of Homeland Security",7012,"U.S. Immigration and Customs Enforcement","70CMSD","INVESTIGATIONS AND OPERATIONS SUPPORT DALLAS",70,"Department of Homeland Security",7012,"U.S. Immigration and Customs Enforcement","70CL0S","HOMELAND SECURITY INVESTIGATIONS LOS ANGELES","070-2022/2022-0540-000;070-2023/2023-0540-000;070-2024/2024-0540-000;070-2025/2025-0540-000","070-0540","25.2: Other services from non-Federal sources","0004: CAS - HOMELAND SECURITY INVESTIGATIONS","X","NOT APPLICABLE",NA,"","NL2DK4ZCGLP3",NA,"PRADO FAMILY SHOOTING RANGE","PRADO FAMILY SHOOTING RANGE","","323M8","NL2DK4ZCGLP3",NA,"PRADO FAMILY SHOOTING RANGE","PRADO FAMILY SHOOTING RANGE","USA","UNITED STATES","17501 POMONA RINCON RD","","CHINO",6071,"SAN BERNARDINO",6,"CA","CALIFORNIA","917089287","CA-35","CA-35","9095974794","9095976938","USA","UNITED STATES","CHINO",6071,"SAN BERNARDINO",6,"CA","CALIFORNIA","917089287","CA-35","CA-35","AWARD","B","PURCHASE ORDER","","","","","","","J","FIRM FIXED PRICE","FIRING RANGE","192122VLOSACL0004",1,"OT","OTHER FUNCTIONS","X1PA","LEASE/RENTAL OF RECREATION FACILITIES (NON-BUILDING)","H","NOT BUNDLED",NA,NA,713990,"ALL OTHER AMUSEMENT AND RECREATION INDUSTRIES","C","NO CLAUSES INCLUDED AND NO SUSTAINABILITY INCLUDED","A","U.S. OWNED BUSINESS",NA,NA,"","","E","NOT REQUIRED","USA","UNITED STATES","C","NOT A MANUFACTURED END PRODUCT","B","PLAN NOT REQUIRED","F","COMPETED UNDER SAP","SP1","SIMPLIFIED ACQUISITION","SBA","SMALL BUSINESS SET ASIDE - TOTAL","NONE","NO PREFERENCE USED","","","","","","",1,"A","COMMERCIAL PRODUCTS/SERVICES","f","N","NO","N","NO","Y","YES","N","NO",NA,"N","NO","X","NOT APPLICABLE","X","NOT APPLICABLE","X","NOT APPLICABLE","X","NOT APPLICABLE",NA,"","","","","","","","","","","","","N","N","","","D","NOT CONSOLIDATED","N","NO - SERVICE WHERE PBA IS NOT USED.","","","","","N","NO","X","NOT APPLICABLE","f","f","f","f","f","t","f","f","f","f","f","f","f","f","f","f","f","f","f","SMALL BUSINESS","S","f","f","f","f","f","f","f","f","f","f","f","f","f","f","f","f","f","CORPORATE NOT TAX EXEMPT","t","f","f","f","f","f","f","f","f","f","f","f","f","f","f","f","f","t","f","f","f","f","f","f","f","f","f","f","t","f","f","f","f","f","f","f","f","f","f","f","f","f","f","f","f","t","f","f","f","f","",NA,"",NA,"",NA,"",NA,"",NA,"https://www.usaspending.gov/award/CONT_AWD_70CMSD22P00000111_7012_-NONE-_-NONE-/","2024-08-16"
"16","CONT_AWD_70CDCR23P00000018_7012_-NONE-_-NONE-","70CDCR23P00000018",NA,"","","Q: Not Designated Nonemergency/Emergency/Disaster/Wildfire Suppression",NA,NA,NA,NA,127050,64350,144000,360000,2023-06-21,2023,"2024-09-18",2024,"2023-07-03",2025-07-02,"2028-07-02 00:00:00","","2023-04-27",70,"Department of Homeland Security",7012,"U.S. Immigration and Customs Enforcement","70CDCR","DETENTION COMPLIANCE AND REMOVALS",70,"Department of Homeland Security",7012,"U.S. Immigration and Customs Enforcement","70CFDG","ENFORCEMENT AND REMOVAL OPERATIONS WASHINGTON DC","070-2023/2023-0540-000;070-2024/2024-0540-000","070-0540","25.2: Other services from non-Federal sources;25.8: Subsistence and support of persons","0005: CAS - ENFORCEMENT AND REMOVAL OPERTIONS","X","NOT APPLICABLE",NA,"","HM9KTBAGDTJ7",NA,"SILVER EAGLE GROUP NORTHERN VIRGINIA LLC","SILVER EAGLE GROUP NORTHERN VIRGINIA LLC","","6ZMX8","HM9KTBAGDTJ7",NA,"SILVER EAGLE GROUP NORTHERN VIRGINIA LLC","SILVER EAGLE GROUP NORTHERN VIRGINIA LLC","USA","UNITED STATES","21550 BEAUMEADE CIR","","ASHBURN",51107,"LOUDOUN",51,"VA","VIRGINIA","201476051","VA-10","VA-10","5712234625","","USA","UNITED STATES","ASHBURN",51107,"LOUDOUN",51,"VA","VIRGINIA","201476051","VA-10","VA-10","AWARD","B","PURCHASE ORDER","","","","","","","J","FIRM FIXED PRICE","THE ICE ERO WASHINGTON FIELD OFFICE REQUIRES ACCESS TO A LOCAL SHOOTING FACILITY THAT HAS BOTH, A SHOOTING RANGE AND SHOOTING TRAINING FACILITY FOR 86 ICE OFFICERS, ALLOWING ICE OFFICERS TO CONDUCT FIREARMS TRAINING, PRACTICE, AND QUALIFICATIONS. THE","70CDCR23Q00000007",1,"OT","OTHER FUNCTIONS","G003","SOCIAL- RECREATIONAL","H","NOT BUNDLED",NA,NA,713990,"ALL OTHER AMUSEMENT AND RECREATION INDUSTRIES","C","NO CLAUSES INCLUDED AND NO SUSTAINABILITY INCLUDED","A","U.S. OWNED BUSINESS",NA,NA,"","","E","NOT REQUIRED","USA","UNITED STATES","C","NOT A MANUFACTURED END PRODUCT","B","PLAN NOT REQUIRED","G","NOT COMPETED UNDER SAP","SP1","SIMPLIFIED ACQUISITION","NONE","NO SET ASIDE USED.","NONE","NO PREFERENCE USED","","","","","SP2","SAP NON-COMPETITION (FAR 13)",1,"A","COMMERCIAL PRODUCTS/SERVICES","f","Y","YES","","","X","NOT APPLICABLE","N","NO",NA,"N","NO","X","NOT APPLICABLE","X","NOT APPLICABLE","X","NOT APPLICABLE","X","NOT APPLICABLE",NA,"","","","","","","","","","","","","N","N","","","D","NOT CONSOLIDATED","N","NO - SERVICE WHERE PBA IS NOT USED.","","","","","N","NO","X","NOT APPLICABLE","f","f","f","f","f","t","t","f","f","f","f","f","t","f","f","f","t","f","f","SMALL BUSINESS","S","f","f","f","f","f","f","f","f","f","f","f","f","f","f","f","f","f","OTHER","f","f","f","f","f","f","f","f","f","f","f","f","f","f","f","f","f","t","f","f","f","f","f","f","f","f","f","f","t","f","f","f","f","f","f","f","f","f","f","f","f","f","f","f","f","t","f","f","f","f","",NA,"",NA,"",NA,"",NA,"",NA,"https://www.usaspending.gov/award/CONT_AWD_70CDCR23P00000018_7012_-NONE-_-NONE-/","2024-09-18"
"17","CONT_AWD_70CMSD23P00000061_7012_-NONE-_-NONE-","70CMSD23P00000061",NA,"","","Q: Not Designated Nonemergency/Emergency/Disaster/Wildfire Suppression",NA,NA,NA,NA,36000,NA,36000,74900,2023-06-30,2023,"2024-12-26",2025,"2023-05-01",2025-06-30,"2027-06-30 00:00:00","","2023-06-30",70,"Department of Homeland Security",7012,"U.S. Immigration and Customs Enforcement","70CMSD","INVESTIGATIONS AND OPERATIONS SUPPORT DALLAS",70,"Department of Homeland Security",7012,"U.S. Immigration and Customs Enforcement","70CB0S","HOMELAND SECURITY INVESTIGATIONS BOSTON","070-2024/2024-0540-000","070-0540","25.2: Other services from non-Federal sources","0004: CAS - HOMELAND SECURITY INVESTIGATIONS","X","NOT APPLICABLE",NA,"","N9GJAKJV3EM3",NA,"ON TARGET FIREARMS & INDOOR RANGE LLC","ON TARGET FIREARMS & INDOOR RANGE LLC","","7YGA2","N9GJAKJV3EM3",NA,"ON TARGET FIREARMS & INDOOR RANGE LLC","ON TARGET FIREARMS & INDOOR RANGE LLC","USA","UNITED STATES","1852 BRIDGE ST","","DRACUT",25017,"MIDDLESEX",25,"MA","MASSACHUSETTS","018262645","MA-03","MA-03","9789674933","","USA","UNITED STATES","DRACUT",25017,"MIDDLESEX",25,"MA","MASSACHUSETTS","018262645","MA-03","MA-03","AWARD","B","PURCHASE ORDER","","","","","","","J","FIRM FIXED PRICE","FIRING RANGE RENTAL","",1,"OT","OTHER FUNCTIONS","U099","EDUCATION/TRAINING- OTHER","H","NOT BUNDLED",NA,NA,423910,"SPORTING AND RECREATIONAL GOODS AND SUPPLIES MERCHANT WHOLESALERS","C","NO CLAUSES INCLUDED AND NO SUSTAINABILITY INCLUDED","A","U.S. OWNED BUSINESS",NA,NA,"","","E","NOT REQUIRED","USA","UNITED STATES","C","NOT A MANUFACTURED END PRODUCT","B","PLAN NOT REQUIRED","G","NOT COMPETED UNDER SAP","SP1","SIMPLIFIED ACQUISITION","NONE","NO SET ASIDE USED.","NONE","NO PREFERENCE USED","","","","","SP2","SAP NON-COMPETITION (FAR 13)",1,"A","COMMERCIAL PRODUCTS/SERVICES","f","N","NO","","","N","NO","N","NO",NA,"N","NO","N","NO","N","NO","N","NO","X","NOT APPLICABLE",NA,"","","","","","","","","","","","","N","N","","","D","NOT CONSOLIDATED","N","NO - SERVICE WHERE PBA IS NOT USED.","","","","","Y","YES","X","NOT APPLICABLE","f","f","f","f","f","f","f","f","f","f","f","f","f","f","f","f","f","f","f","OTHER THAN SMALL BUSINESS","O","f","f","f","f","f","f","f","f","f","f","f","f","f","f","f","f","f","PARTNERSHIP","f","f","t","f","f","f","f","f","f","f","f","f","f","f","f","f","f","t","f","f","f","f","f","f","f","f","f","f","t","f","f","f","f","f","f","f","f","f","f","f","f","f","f","f","f","f","f","f","f","f","",NA,"",NA,"",NA,"",NA,"",NA,"https://www.usaspending.gov/award/CONT_AWD_70CMSD23P00000061_7012_-NONE-_-NONE-/","2024-12-26"
"18","CONT_AWD_70CDCR23P00000031_7012_-NONE-_-NONE-","70CDCR23P00000031",NA,"","","Q: Not Designated Nonemergency/Emergency/Disaster/Wildfire Suppression",NA,NA,NA,NA,47000,39740,108000,273600,2023-09-01,2023,"2025-01-23",2025,"2023-09-01",2025-08-31,"2028-08-31 00:00:00","","2023-07-15",70,"Department of Homeland Security",7012,"U.S. Immigration and Customs Enforcement","70CDCR","DETENTION COMPLIANCE AND REMOVALS",70,"Department of Homeland Security",7012,"U.S. Immigration and Customs Enforcement","70CFLS","ENFORCEMENT AND REMOVAL OPERATIONS LOS ANGELES","070-2023/2023-0540-000;070-2024/2024-0540-000;070-2025/2025-0540-000","070-0540","25.2: Other services from non-Federal sources","0005: CAS - ENFORCEMENT AND REMOVAL OPERTIONS","X","NOT APPLICABLE",NA,"","NL2DK4ZCGLP3",NA,"PRADO FAMILY SHOOTING RANGE","PRADO FAMILY SHOOTING RANGE","","323M8","NL2DK4ZCGLP3",NA,"PRADO FAMILY SHOOTING RANGE","PRADO FAMILY SHOOTING RANGE","USA","UNITED STATES","17501 POMONA RINCON RD","","CHINO",6071,"SAN BERNARDINO",6,"CA","CALIFORNIA","917089287","CA-35","CA-35","9095974794","9095976938","USA","UNITED STATES","CHINO",6071,"SAN BERNARDINO",6,"CA","CALIFORNIA","917109934","CA-35","CA-35","AWARD","B","PURCHASE ORDER","","","","","","","J","FIRM FIXED PRICE","FIRING RANGE SERVICES FOR LOS ANGELES (ERO) OFFICERS","",1,"","","7830","RECREATIONAL AND GYMNASTIC EQUIPMENT","H","NOT BUNDLED",NA,NA,561210,"FACILITIES SUPPORT SERVICES","C","NO CLAUSES INCLUDED AND NO SUSTAINABILITY INCLUDED","A","U.S. OWNED BUSINESS",NA,NA,"","","E","NOT REQUIRED","USA","UNITED STATES","D","MFG IN U.S.","B","PLAN NOT REQUIRED","C","NOT COMPETED","SSS","ONLY ONE SOURCE","NONE","NO SET ASIDE USED.","NONE","NO PREFERENCE USED","","","","","ONE","ONLY ONE SOURCE-OTHER (FAR 6.302-1 OTHER)",1,"A","COMMERCIAL PRODUCTS/SERVICES","f","N","NO","","","N","NO","N","NO",NA,"N","NO","N","NO","N","NO","N","NO","X","NOT APPLICABLE",NA,"","","","","","","","","","","","","N","N","","","D","NOT CONSOLIDATED","X","NOT APPLICABLE","","","Z","NOT APPLICABLE","N","NO","X","NOT APPLICABLE","f","f","f","f","f","t","f","f","f","f","f","f","f","f","f","f","f","f","f","OTHER THAN SMALL BUSINESS","O","f","f","f","f","f","f","f","f","f","f","f","f","f","f","f","f","f","CORPORATE NOT TAX EXEMPT","t","f","f","f","f","f","f","f","f","f","f","f","f","f","f","f","f","t","f","f","f","f","f","f","f","f","f","f","t","f","f","f","f","f","f","f","f","f","f","f","f","f","f","f","f","t","f","f","f","f","",NA,"",NA,"",NA,"",NA,"",NA,"https://www.usaspending.gov/award/CONT_AWD_70CDCR23P00000031_7012_-NONE-_-NONE-/","2025-01-23"
"19","CONT_AWD_70CMSD23P00000144_7012_-NONE-_-NONE-","70CMSD23P00000144",NA,"","","Q: Not Designated Nonemergency/Emergency/Disaster/Wildfire Suppression",NA,NA,NA,NA,22000,NA,22000,50000,2023-09-15,2023,"2024-07-25",2024,"2023-09-19",2025-09-18,"2028-09-18 00:00:00","","",70,"Department of Homeland Security",7012,"U.S. Immigration and Customs Enforcement","70CMSD","INVESTIGATIONS AND OPERATIONS SUPPORT DALLAS",70,"Department of Homeland Security",7012,"U.S. Immigration and Customs Enforcement","70CPHL","HOMELAND SECURITY INVESTIGATIONS PHILADELPHIA","070-2023/2023-0540-000;070-2024/2024-0540-000","070-0540","25.2: Other services from non-Federal sources","0004: CAS - HOMELAND SECURITY INVESTIGATIONS","X","NOT APPLICABLE",NA,"","EMJ7NFQSNK93",NA,"MONTGOMERY COUNTY FIRE ACADEMY","MONTGOMERY COUNTY FIRE ACADEMY","","7E4T1","EMJ7NFQSNK93",NA,"MONTGOMERY COUNTY FIRE ACADEMY","MONTGOMERY COUNTY FIRE ACADEMY","USA","UNITED STATES","1175 CONSHOHOCKEN RD","","CONSHOHOCKEN",42091,"MONTGOMERY",42,"PA","PENNSYLVANIA","194281028","PA-04","PA-04","6106316543","6106316536","USA","UNITED STATES","NORRISTOWN",42091,"MONTGOMERY",42,"PA","PENNSYLVANIA","194040311","PA-05","PA-05","AWARD","B","PURCHASE ORDER","","","","","","","J","FIRM FIXED PRICE","RENTAL OF FIRING RANGE FACILITY","192123VPIG514017",1,"OT","OTHER FUNCTIONS","U099","EDUCATION/TRAINING- OTHER","H","NOT BUNDLED",NA,NA,922120,"POLICE PROTECTION","C","NO CLAUSES INCLUDED AND NO SUSTAINABILITY INCLUDED","B","OTHER U.S. ENTITY (E.G. GOVERNMENT)",NA,NA,"","","E","NOT REQUIRED","USA","UNITED STATES","C","NOT A MANUFACTURED END PRODUCT","B","PLAN NOT REQUIRED","G","NOT COMPETED UNDER SAP","SP1","SIMPLIFIED ACQUISITION","NONE","NO SET ASIDE USED.","NONE","NO PREFERENCE USED","","","","","SP2","SAP NON-COMPETITION (FAR 13)",1,"A","COMMERCIAL PRODUCTS/SERVICES","f","N","NO","","","N","NO","N","NO",NA,"N","NO","N","NO","N","NO","N","NO","X","NOT APPLICABLE",NA,"","","","","","","","","","","","","N","N","","","D","NOT CONSOLIDATED","N","NO - SERVICE WHERE PBA IS NOT USED.","","","","","N","NO","X","NOT APPLICABLE","f","f","f","f","f","f","f","f","f","f","f","f","f","f","f","f","f","f","f","OTHER THAN SMALL BUSINESS","O","f","f","f","f","f","f","f","t","f","t","f","f","f","f","f","f","f","US GOVERNMENT ENTITY","f","f","f","f","f","f","t","f","f","f","f","f","f","f","f","f","f","t","f","f","f","f","f","f","f","f","f","f","f","f","f","f","f","f","f","f","f","f","f","f","f","f","f","f","f","f","f","f","f","f","",NA,"",NA,"",NA,"",NA,"",NA,"https://www.usaspending.gov/award/CONT_AWD_70CMSD23P00000144_7012_-NONE-_-NONE-/","2024-07-25"
"20","CONT_AWD_70CDCR24P00000009_7012_-NONE-_-NONE-","70CDCR24P00000009",NA,"","","Q: Not Designated Nonemergency/Emergency/Disaster/Wildfire Suppression",NA,NA,NA,NA,13754,6877,13754,34385,2024-02-01,2024,"2024-12-26",2025,"2024-02-05",2026-02-04,"2029-02-04 00:00:00","","2024-01-25",70,"Department of Homeland Security",7012,"U.S. Immigration and Customs Enforcement","70CDCR","DETENTION COMPLIANCE AND REMOVALS",70,"Department of Homeland Security",7012,"U.S. Immigration and Customs Enforcement","70CFCH","ENFORCEMENT AND REMOVAL OPERATIONS CHICAGO","070-2024/2024-0540-000;070-2025/2025-0540-000","070-0540","25.2: Other services from non-Federal sources","0005: CAS - ENFORCEMENT AND REMOVAL OPERTIONS","X","NOT APPLICABLE",NA,"","KYL2BBZKUYC3",NA,"RANGE 54, LLC","RANGE 54 LLC","","80B35","KYL2BBZKUYC3",NA,"RANGE 54, LLC","RANGE 54  LLC","USA","UNITED STATES","5725 E KELLOGG DR","","WICHITA",20173,"SEDGWICK",20,"KS","KANSAS","672181701","KS-04","KS-04","3164402842","3164402532","USA","UNITED STATES","WICHITA",20173,"SEDGWICK",20,"KS","KANSAS","672181701","KS-04","KS-04","AWARD","B","PURCHASE ORDER","","","","","","","J","FIRM FIXED PRICE","ACCESS TO FIREARM TRAINING FACILITY - RANGE 54 LLC - WICHITA KS","70CDCR24Q00000002",1,"OT","OTHER FUNCTIONS","G003","SOCIAL- RECREATIONAL","H","NOT BUNDLED",NA,NA,713990,"ALL OTHER AMUSEMENT AND RECREATION INDUSTRIES","C","NO CLAUSES INCLUDED AND NO SUSTAINABILITY INCLUDED","A","U.S. OWNED BUSINESS",NA,NA,"","","E","NOT REQUIRED","USA","UNITED STATES","C","NOT A MANUFACTURED END PRODUCT","B","PLAN NOT REQUIRED","G","NOT COMPETED UNDER SAP","SP1","SIMPLIFIED ACQUISITION","NONE","NO SET ASIDE USED.","NONE","NO PREFERENCE USED","","","","","SP2","SAP NON-COMPETITION (FAR 13)",1,"A","COMMERCIAL PRODUCTS/SERVICES","f","N","NO","","","X","NOT APPLICABLE","N","NO",NA,"N","NO","X","NOT APPLICABLE","X","NOT APPLICABLE","X","NOT APPLICABLE","X","NOT APPLICABLE",NA,"","","","","","","","","","","","","N","N","","","D","NOT CONSOLIDATED","N","NO - SERVICE WHERE PBA IS NOT USED.","","","","","N","NO","X","NOT APPLICABLE","f","f","f","f","f","f","f","f","f","f","f","f","f","f","f","f","f","f","f","SMALL BUSINESS","S","f","f","f","f","f","f","f","f","f","f","f","f","f","f","f","f","f","PARTNERSHIP","f","f","t","f","f","f","f","f","f","f","f","f","f","f","f","f","f","t","f","f","f","f","f","f","f","f","t","f","t","f","f","f","f","f","f","f","f","f","f","f","f","f","f","f","f","t","f","f","f","f","",NA,"",NA,"",NA,"",NA,"",NA,"https://www.usaspending.gov/award/CONT_AWD_70CDCR24P00000009_7012_-NONE-_-NONE-/","2024-12-26"
"21","CONT_AWD_70CMSD24P00000050_7012_-NONE-_-NONE-","70CMSD24P00000050",NA,"","","Q: Not Designated Nonemergency/Emergency/Disaster/Wildfire Suppression",NA,NA,NA,NA,22220,18912.57,22220,122220,2024-05-24,2024,"2024-05-24",2024,"2024-06-15",2027-06-14,"2027-06-14 00:00:00","","2024-05-14",70,"Department of Homeland Security",7012,"U.S. Immigration and Customs Enforcement","70CMSD","INVESTIGATIONS AND OPERATIONS SUPPORT DALLAS",70,"Department of Homeland Security",7012,"U.S. Immigration and Customs Enforcement","70CDET","HOMELAND SECURITY INVESTIGATIONS DETROIT","070-2024/2024-0540-000;070-2025/2025-0540-000","070-0540","23.2: Rental payments to others","0004: CAS - HOMELAND SECURITY INVESTIGATIONS","X","NOT APPLICABLE",NA,"","QU7ENLYMVY99",NA,"BLUE STEEL RANGES, LLC","BLUE STEEL RANGES, LLC","","9VH54","QU7ENLYMVY99",NA,"BLUE STEEL RANGES, LLC","BLUE STEEL RANGES  LLC","USA","UNITED STATES","1655 MICHIGAN RD","","PORT HURON",26147,"ST. CLAIR",26,"MI","MICHIGAN","480604725","MI-09","MI-09","8108192583","","USA","UNITED STATES","DETROIT",26163,"WAYNE",26,"MI","MICHIGAN","482262523","MI-13","MI-13","AWARD","B","PURCHASE ORDER","","","","","","","J","FIRM FIXED PRICE","FIREARMS RANGE RENTAL FEES","192124VDTSAC0001",1,"OT","OTHER FUNCTIONS","U099","EDUCATION/TRAINING- OTHER","H","NOT BUNDLED",NA,NA,713990,"ALL OTHER AMUSEMENT AND RECREATION INDUSTRIES","C","NO CLAUSES INCLUDED AND NO SUSTAINABILITY INCLUDED","A","U.S. OWNED BUSINESS",NA,NA,"","","A","MEETS REQUIREMENTS","USA","UNITED STATES","C","NOT A MANUFACTURED END PRODUCT","B","PLAN NOT REQUIRED","C","NOT COMPETED","SSS","ONLY ONE SOURCE","NONE","NO SET ASIDE USED.","NONE","NO PREFERENCE USED","","","","","ONE","ONLY ONE SOURCE-OTHER (FAR 6.302-1 OTHER)",1,"A","COMMERCIAL PRODUCTS/SERVICES","f","N","NO","","","Y","YES","N","NO",NA,"N","NO","X","NOT APPLICABLE","X","NOT APPLICABLE","X","NOT APPLICABLE","X","NOT APPLICABLE",NA,"","","","","","","","","","","","","N","N","","","D","NOT CONSOLIDATED","N","NO - SERVICE WHERE PBA IS NOT USED.","","","","","N","NO","X","NOT APPLICABLE","f","f","f","f","f","t","f","t","t","f","f","f","t","f","f","f","f","t","f","SMALL BUSINESS","S","f","f","f","f","f","f","f","f","f","f","f","f","f","f","f","f","f","PARTNERSHIP","f","f","t","f","f","f","f","f","f","f","f","f","f","f","f","f","f","t","f","f","f","f","f","f","f","f","t","f","t","f","f","f","f","f","f","f","f","f","f","f","f","f","f","f","f","f","f","f","f","f","",NA,"",NA,"",NA,"",NA,"",NA,"https://www.usaspending.gov/award/CONT_AWD_70CMSD24P00000050_7012_-NONE-_-NONE-/","2024-05-24"
"22","CONT_AWD_70CMSD24P00000044_7012_-NONE-_-NONE-","70CMSD24P00000044",NA,"","","Q: Not Designated Nonemergency/Emergency/Disaster/Wildfire Suppression",NA,NA,NA,NA,53460,8749,53460,229320,2024-05-28,2024,"2024-11-05",2025,"2024-09-01",2025-08-31,"2028-08-31 00:00:00","","2024-05-20",70,"Department of Homeland Security",7012,"U.S. Immigration and Customs Enforcement","70CMSD","INVESTIGATIONS AND OPERATIONS SUPPORT DALLAS",70,"Department of Homeland Security",7012,"U.S. Immigration and Customs Enforcement","70CSTP","HOMELAND SECURITY INVESTIGATIONS ST PAUL","070-2024/2024-0540-000","070-0540","25.2: Other services from non-Federal sources","0004: CAS - HOMELAND SECURITY INVESTIGATIONS","X","NOT APPLICABLE",NA,"","PUH4LGL9L1G9",NA,"CITY OF COTTAGE GROVE","CITY OF COTTAGE GROVE","","5R1R9","PUH4LGL9L1G9",NA,"CITY OF COTTAGE GROVE","CITY OF COTTAGE GROVE","USA","UNITED STATES","12800 RAVINE PKWY","","COTTAGE GROVE",27163,"WASHINGTON",27,"MN","MINNESOTA","550166103","MN-02","MN-02","6514582832","6514582897","USA","UNITED STATES","COTTAGE GROVE",27163,"WASHINGTON",27,"MN","MINNESOTA","550166103","MN-02","MN-02","AWARD","B","PURCHASE ORDER","","","","","","","J","FIRM FIXED PRICE","RANGE RENTAL","",1,"OT","OTHER FUNCTIONS","X1JZ","LEASE/RENTAL OF MISCELLANEOUS BUILDINGS","H","NOT BUNDLED",NA,NA,713990,"ALL OTHER AMUSEMENT AND RECREATION INDUSTRIES","C","NO CLAUSES INCLUDED AND NO SUSTAINABILITY INCLUDED","B","OTHER U.S. ENTITY (E.G. GOVERNMENT)",NA,NA,"","","E","NOT REQUIRED","USA","UNITED STATES","C","NOT A MANUFACTURED END PRODUCT","B","PLAN NOT REQUIRED","G","NOT COMPETED UNDER SAP","SP1","SIMPLIFIED ACQUISITION","NONE","NO SET ASIDE USED.","NONE","NO PREFERENCE USED","","","","","SP2","SAP NON-COMPETITION (FAR 13)",1,"A","COMMERCIAL PRODUCTS/SERVICES","f","N","NO","","","N","NO","N","NO",NA,"N","NO","N","NO","N","NO","N","NO","X","NOT APPLICABLE",NA,"","","","","","","","","","","","","N","N","","","D","NOT CONSOLIDATED","N","NO - SERVICE WHERE PBA IS NOT USED.","","","","","N","NO","X","NOT APPLICABLE","f","f","f","f","f","f","f","f","f","f","f","f","f","f","f","f","f","f","f","OTHER THAN SMALL BUSINESS","O","f","f","f","f","f","f","f","t","t","f","f","f","t","f","f","f","f","US GOVERNMENT ENTITY","f","f","f","f","f","f","t","f","f","f","f","f","f","f","f","f","f","t","f","f","f","f","f","f","f","f","f","f","f","f","f","f","f","f","f","f","f","f","f","f","f","f","f","f","f","f","f","f","f","f","",NA,"",NA,"",NA,"",NA,"",NA,"https://www.usaspending.gov/award/CONT_AWD_70CMSD24P00000044_7012_-NONE-_-NONE-/","2024-11-05"
"23","CONT_AWD_70CMSD24P00000100_7012_-NONE-_-NONE-","70CMSD24P00000100",NA,"","","Q: Not Designated Nonemergency/Emergency/Disaster/Wildfire Suppression",NA,NA,NA,NA,23760,NA,23760,121197.96,2024-08-20,2024,"2024-08-20",2024,"2024-09-28",2025-09-27,"2029-09-27 00:00:00","","2024-08-06",70,"Department of Homeland Security",7012,"U.S. Immigration and Customs Enforcement","70CMSD","INVESTIGATIONS AND OPERATIONS SUPPORT DALLAS",70,"Department of Homeland Security",7012,"U.S. Immigration and Customs Enforcement","70CBAL","HOMELAND SECURITY INVESTIGATIONS BALTIMORE","070-2024/2024-0540-000","070-0540","25.2: Other services from non-Federal sources","0004: CAS - HOMELAND SECURITY INVESTIGATIONS","X","NOT APPLICABLE",NA,"","UNPMCYW8NK67",NA,"WOLFLAND, INC.","WOLFLAND, INC.","","8FUJ8","UNPMCYW8NK67",NA,"WOLFLAND, INC.","WOLFLAND  INC.","USA","UNITED STATES","10705 RED RUN BLVD","","OWINGS MILLS",24005,"BALTIMORE",24,"MD","MARYLAND","211175134","MD-02","MD-02","4104090446","","USA","UNITED STATES","OWINGS MILLS",24005,"BALTIMORE",24,"MD","MARYLAND","211175134","MD-02","MD-02","AWARD","B","PURCHASE ORDER","","","","","","","J","FIRM FIXED PRICE","FIRING RANGE USE","192124VBA0000393",1,"OT","OTHER FUNCTIONS","X1PA","LEASE/RENTAL OF RECREATION FACILITIES (NON-BUILDING)","H","NOT BUNDLED",NA,NA,713990,"ALL OTHER AMUSEMENT AND RECREATION INDUSTRIES","C","NO CLAUSES INCLUDED AND NO SUSTAINABILITY INCLUDED","A","U.S. OWNED BUSINESS",NA,NA,"","","E","NOT REQUIRED","USA","UNITED STATES","C","NOT A MANUFACTURED END PRODUCT","B","PLAN NOT REQUIRED","F","COMPETED UNDER SAP","SP1","SIMPLIFIED ACQUISITION","NONE","NO SET ASIDE USED.","NONE","NO PREFERENCE USED","","","","","","",1,"A","COMMERCIAL PRODUCTS/SERVICES","f","N","NO","","","Y","YES","N","NO",NA,"N","NO","X","NOT APPLICABLE","X","NOT APPLICABLE","X","NOT APPLICABLE","X","NOT APPLICABLE",NA,"","","","","","","","","","","","","N","N","","","D","NOT CONSOLIDATED","N","NO - SERVICE WHERE PBA IS NOT USED.","","","","","N","NO","X","NOT APPLICABLE","f","f","f","f","f","f","f","f","f","f","f","f","f","f","f","f","f","f","f","SMALL BUSINESS","S","f","f","f","f","f","f","f","f","f","f","f","f","f","f","f","f","f","CORPORATE NOT TAX EXEMPT","t","f","f","f","f","f","f","f","f","f","f","f","f","f","f","f","f","t","f","f","f","f","f","f","f","f","f","f","t","f","f","f","f","f","f","f","f","f","f","f","f","f","f","f","f","t","f","f","f","f","",NA,"",NA,"",NA,"",NA,"",NA,"https://www.usaspending.gov/award/CONT_AWD_70CMSD24P00000100_7012_-NONE-_-NONE-/","2024-08-20"
"24","CONT_AWD_70CDCR25P00000007_7012_-NONE-_-NONE-","70CDCR25P00000007",NA,"","","",NA,NA,NA,NA,9756,NA,9756,9756,2025-02-07,2025,"2025-02-07",2025,"2025-02-07",2026-02-06,"2026-02-06 00:00:00","","",70,"Department of Homeland Security",7012,"U.S. Immigration and Customs Enforcement","70CDCR","DETENTION COMPLIANCE AND REMOVALS",70,"Department of Homeland Security",7012,"U.S. Immigration and Customs Enforcement","70CFSD","ENFORCEMENT AND REMOVAL OPERATIONS SAN DIEGO","","","","","X","NOT APPLICABLE",NA,"","QWQDFDCNJ2H3",NA,"IMPERIAL VALLEY RIFLE & PISTOL ASSOCIATION INC","IMPERIAL VALLEY RIFLE & PISTOL ASSOCIATION INC","","3NDR4","QWQDFDCNJ2H3",NA,"IMPERIAL VALLEY RIFLE & PISTOL ASSOCIATION INC","IMPERIAL VALLEY RIFLE & PISTOL ASSOCIATION INC","USA","UNITED STATES","2250 WHEELER RD","","IMPERIAL",6025,"IMPERIAL",6,"CA","CALIFORNIA","92251","CA-25","CA-25","4422957855","","USA","UNITED STATES","IMPERIAL",6025,"IMPERIAL",6,"CA","CALIFORNIA","922510003","CA-25","CA-25","AWARD","B","PURCHASE ORDER","","","","","","","J","FIRM FIXED PRICE","FIRING RANGE","",1,"OT","OTHER FUNCTIONS","W010","LEASE OR RENTAL OF EQUIPMENT- WEAPONS","H","NOT BUNDLED",NA,NA,532490,"OTHER COMMERCIAL AND INDUSTRIAL MACHINERY AND EQUIPMENT RENTAL AND LEASING","C","NO CLAUSES INCLUDED AND NO SUSTAINABILITY INCLUDED","A","U.S. OWNED BUSINESS",NA,NA,"","","E","NOT REQUIRED","USA","UNITED STATES","C","NOT A MANUFACTURED END PRODUCT","B","PLAN NOT REQUIRED","G","NOT COMPETED UNDER SAP","SP1","SIMPLIFIED ACQUISITION","NONE","NO SET ASIDE USED.","NONE","NO PREFERENCE USED","","","","","MPT","LESS THAN OR EQUAL TO THE MICRO-PURCHASE THRESHOLD",1,"B","PRODUCTS OR SERVICES PURSUANT TO FAR 12.102(F)","f","N","NO","","","N","NO","N","NO",NA,"N","NO","N","NO","N","NO","N","NO","X","NOT APPLICABLE",NA,"","","","","","","","","","","","","N","N","","","D","NOT CONSOLIDATED","N","NO - SERVICE WHERE PBA IS NOT USED.","","","","","N","NO","X","NOT APPLICABLE","f","f","f","f","f","f","f","f","f","f","f","f","f","f","f","f","f","f","f","OTHER THAN SMALL BUSINESS","O","f","f","f","f","f","f","f","f","f","f","f","f","f","f","f","f","f","CORPORATE TAX EXEMPT","f","t","f","f","f","f","f","f","f","f","f","f","f","f","f","f","f","t","f","f","f","f","f","f","f","f","f","f","f","t","f","f","f","f","f","f","f","f","f","f","f","f","f","f","f","f","f","f","f","f","",NA,"",NA,"",NA,"",NA,"",NA,"https://www.usaspending.gov/award/CONT_AWD_70CDCR25P00000007_7012_-NONE-_-NONE-/","2025-02-07"
